{"channels": {"0": [2, 2, 6, 4, 8], "1": [3, 4, 12, 23, 30], "2": [17, 3, 7, 21, 27], "3": [3, 8, 19, 39, 63], "4": [17, 53, 2, 12, 19]}, "acc": {"3": 98.29, "4": 93.99969268592501, "5": 92.25, "1": 79.8, "2": 93.4640522875817}, "avg_acc": 91.56074899470136, "all_rank": [18, 57, 104, 115, 170], "model_size": 1.489104}