{"std_acc": 0, "model_size": 1.489104, "avg_acc": 91.56074899470136, "acc": {"3": 98.29, "4": 93.99969268592501, "5": 92.25, "1": 79.8, "2": 93.4640522875817}, "chann": {"3": [2.0, 2.0, 6.0, 4.0, 8.0], "4": [3.0, 4.0, 12.0, 23.0, 30.0], "5": [17.0, 3.0, 7.0, 21.0, 27.0], "1": [3.0, 8.0, 19.0, 39.0, 63.0], "2": [17.0, 53.0, 2.0, 12.0, 19.0]}}