{"channels": {"0": [6, 17, 23, 24, 35], "1": [5, 13, 14, 13, 33], "2": [3, 8, 11, 11, 20], "3": [4, 6, 9, 7, 10], "4": [4, 13, 14, 20, 18], "5": [3, 18, 14, 10, 23], "6": [8, 14, 11, 15, 31], "7": [10, 21, 15, 16, 26], "8": [8, 16, 18, 17, 34], "9": [10, 26, 17, 19, 30], "10": [8, 31, 22, 24, 41], "11": [6, 28, 22, 23, 31], "12": [8, 25, 23, 18, 35], "13": [8, 28, 27, 27, 31], "14": [5, 25, 26, 27, 45], "15": [7, 23, 25, 26, 45], "16": [6, 28, 33, 24, 45], "17": [10, 25, 34, 34, 49], "18": [9, 26, 33, 31, 31], "19": [10, 31, 29, 27, 52]}, "acc": {"12": 82.8, "6": 68.0, "18": 67.0, "20": 77.2, "10": 73.2, "1": 72.6, "17": 67.2, "2": 74.6, "16": 61.0, "7": 72.2, "11": 71.4, "14": 68.6, "15": 73.4, "13": 74.6, "8": 61.6, "4": 69.8, "9": 68.2, "3": 59.2, "19": 72.6, "5": 67.0}, "avg_acc": 70.10999999999999, "all_rank": [18, 57, 104, 115, 170], "model_size": 13.032944}