{"std_acc": 0, "model_size": 13.032944, "avg_acc": 70.10999999999999, "acc": {"12": 82.8, "6": 68.0, "18": 67.0, "20": 77.2, "10": 73.2, "1": 72.6, "17": 67.2, "2": 74.6, "16": 61.0, "7": 72.2, "11": 71.4, "14": 68.6, "15": 73.4, "13": 74.6, "8": 61.6, "4": 69.8, "9": 68.2, "3": 59.2, "19": 72.6, "5": 67.0}, "chann": {"12": [6.0, 17.0, 23.0, 24.0, 35.0], "6": [5.0, 13.0, 14.0, 13.0, 33.0], "18": [3.0, 8.0, 11.0, 11.0, 20.0], "20": [4.0, 6.0, 9.0, 7.0, 10.0], "10": [4.0, 13.0, 14.0, 20.0, 18.0], "1": [3.0, 18.0, 14.0, 10.0, 23.0], "17": [8.0, 14.0, 11.0, 15.0, 31.0], "2": [10.0, 21.0, 15.0, 16.0, 26.0], "16": [8.0, 16.0, 18.0, 17.0, 34.0], "7": [10.0, 26.0, 17.0, 19.0, 30.0], "11": [8.0, 31.0, 22.0, 24.0, 41.0], "14": [6.0, 28.0, 22.0, 23.0, 31.0], "15": [8.0, 25.0, 23.0, 18.0, 35.0], "13": [8.0, 28.0, 27.0, 27.0, 31.0], "8": [5.0, 25.0, 26.0, 27.0, 45.0], "4": [7.0, 23.0, 25.0, 26.0, 45.0], "9": [6.0, 28.0, 33.0, 24.0, 45.0], "3": [10.0, 25.0, 34.0, 34.0, 49.0], "19": [9.0, 26.0, 33.0, 31.0, 31.0], "5": [10.0, 31.0, 29.0, 27.0, 52.0]}}